n,mean_min,mean_max,dev_min,dev_max
20,0.38673331787156706,1.0622428530498194,0.5539936649293534,1.0456777913209028
100,0.7135476375270097,1.0643750627460844,0.776766757165977,1.026270849008868
