n,mean_min,mean_max,dev_min,dev_max
20,-0.4216247778846766,0.3543127099113304,0.6363558621074883,1.2011386311926937
100,-0.35781299018048196,0.018974471266444082,0.8342448552480389,1.1022114012710553
