n,mean_min,mean_max,dev_min,dev_max
20,0.070601224918937,0.9564359585834092,0.26820355241518773,0.32659738958366374
100,0.32221812282350315,0.6990055842704291,0.27449418836213235,0.3222585970989746
